,detection_scores,class,x min,y min,x max,y max
0,0.8636048224400383,Gewinde,173,69,220,152
1,0.7348644055947392,Abdeckung,48,73,80,96
2,0.8380003729391734,Hebel,191,58,223,112
