,detection_scores,class,x min,y min,x max,y max
0,0.8317415694876599,Anschluss,57,211,102,228
1,0.6541763491003074,Sicherung,202,58,241,80
2,0.8170778802408634,Ablageflaeche,238,133,277,185
3,0.7548160212531108,Motor,70,363,94,419
4,0.9057947506240932,Sicherung,236,22,261,47
5,0.8172157564696064,Schalter,233,364,277,407
