,detection_scores,class,x min,y min,x max,y max
0,0.8051075441737756,Gewinde,245,66,310,145
1,0.7902609662291302,Abdeckung,68,70,113,92
2,0.7389605529210785,Hebel,270,56,315,107
