,detection_scores,class,x min,y min,x max,y max
0,0.8806348655279944,Gewinde,311,70,394,153
2,0.8225135093329714,Hebel,343,59,400,113
1,0.7602270623312832,Abdeckung,87,74,144,97
