,detection_scores,class,x min,y min,x max,y max
5,0.9252915640154591,Motor,384,24,424,50
6,0.8192647134020625,Sicherung,380,385,451,431
3,0.7974541243908959,Schalter,387,141,450,196
4,0.7877805137363574,Ablageflaeche,114,384,153,444
0,0.7777159605545158,Anschluss,94,224,166,242
2,0.6939804571418695,Sicherung,329,62,392,85
7,0.5472866994577126,Schalter,27,148,76,174
1,0.5247422633068589,Abdeckung,228,108,245,207
